{"cameraMode":{"drawMode":0,"name":"Shaded","section":"Shading Mode"},"sceneLighting":true,"audioPlay":false,"sceneViewState":{"showFog":true,"showMaterialUpdate":true,"showSkybox":true,"showFlares":true,"showImageEffects":true,"showParticleSystems":true},"in2DMode":false,"pivot":{"x":-13.318967819213868,"y":1.3367918729782105,"z":-13.029075622558594},"rotation":{"x":0.0004437510506249964,"y":0.9996705651283264,"z":-0.019803756847977639,"w":0.01968013495206833},"size":6.5598602294921879,"orthographic":false}