{"cameraMode":{"drawMode":0,"name":"Shaded","section":"Shading Mode"},"sceneLighting":false,"audioPlay":false,"sceneViewState":{"showFog":true,"showMaterialUpdate":true,"showSkybox":false,"showFlares":true,"showImageEffects":true,"showParticleSystems":true},"in2DMode":false,"pivot":{"x":-0.28205835819244387,"y":-1.0919015407562256,"z":0.006645814515650272},"rotation":{"x":-0.030217062681913377,"y":0.6587293148040772,"z":0.026486985385417939,"w":0.7513805627822876},"size":3.4669041633605959,"orthographic":false}