{"cameraMode":{"drawMode":0,"name":"Shaded","section":"Shading Mode"},"sceneLighting":false,"audioPlay":false,"sceneViewState":{"showFog":true,"showMaterialUpdate":true,"showSkybox":false,"showFlares":true,"showImageEffects":true,"showParticleSystems":true},"in2DMode":false,"pivot":{"x":0.01064843125641346,"y":0.4002205729484558,"z":-0.014371026307344437},"rotation":{"x":0.20861013233661652,"y":0.5863531827926636,"z":-0.15966275334358216,"w":0.7663159370422363},"size":1.058521032333374,"orthographic":false}