{"cameraMode":{"drawMode":0,"name":"Shaded","section":"Shading Mode"},"sceneLighting":true,"audioPlay":false,"sceneViewState":{"showFog":true,"showMaterialUpdate":true,"showSkybox":false,"showFlares":true,"showImageEffects":true,"showParticleSystems":true},"in2DMode":false,"pivot":{"x":-2.4679999351501467,"y":1.3239998817443848,"z":-3.447000026702881},"rotation":{"x":-0.15096819400787354,"y":-0.675208330154419,"z":0.14420099556446076,"w":-0.707521915435791},"size":24.006223678588868,"orthographic":false}