{"cameraMode":{"drawMode":0,"name":"Shaded","section":"Shading Mode"},"sceneLighting":true,"audioPlay":false,"sceneViewState":{"showFog":true,"showMaterialUpdate":false,"showSkybox":false,"showFlares":true,"showImageEffects":true,"showParticleSystems":true},"in2DMode":false,"pivot":{"x":0.08198785781860352,"y":1.1163866519927979,"z":0.7272734642028809},"rotation":{"x":-0.0003041681775357574,"y":0.999463677406311,"z":-0.03570861741900444,"w":0.007518249098211527},"size":55.46869659423828,"orthographic":false}