{"cameraMode":{"drawMode":0,"name":"Shaded","section":"Shading Mode"},"sceneLighting":false,"audioPlay":false,"sceneViewState":{"showFog":true,"showMaterialUpdate":false,"showSkybox":false,"showFlares":true,"showImageEffects":true,"showParticleSystems":true},"in2DMode":false,"pivot":{"x":-7.847581386566162,"y":-2.4744770526885988,"z":7.35137414932251},"rotation":{"x":0.13184474408626557,"y":0.7706989645957947,"z":-0.169359490275383,"w":0.5999792814254761},"size":5.430479049682617,"orthographic":false}