{"cameraMode":{"drawMode":0,"name":"Shaded","section":"Shading Mode"},"sceneLighting":true,"audioPlay":false,"sceneViewState":{"showFog":true,"showMaterialUpdate":true,"showSkybox":true,"showFlares":true,"showImageEffects":true,"showParticleSystems":true},"in2DMode":false,"pivot":{"x":-7.348128318786621,"y":0.7540748119354248,"z":-5.891227722167969},"rotation":{"x":0.053837958723306659,"y":0.642292320728302,"z":-0.04871552437543869,"w":0.7632885575294495},"size":6.345489978790283,"orthographic":false}