{"cameraMode":{"drawMode":0,"name":"Shaded","section":"Shading Mode"},"sceneLighting":false,"audioPlay":false,"sceneViewState":{"showFog":true,"showMaterialUpdate":true,"showSkybox":false,"showFlares":true,"showImageEffects":true,"showParticleSystems":true},"in2DMode":false,"pivot":{"x":-0.9694470167160034,"y":-0.28750306367874148,"z":-0.41014620661735537},"rotation":{"x":-0.06415949016809464,"y":0.7596665620803833,"z":-0.07208836078643799,"w":-0.6433978080749512},"size":2.3886196613311769,"orthographic":false}