{"cameraMode":{"drawMode":0,"name":"Shaded","section":"Shading Mode"},"sceneLighting":false,"audioPlay":false,"sceneViewState":{"showFog":true,"showMaterialUpdate":false,"showSkybox":false,"showFlares":true,"showImageEffects":true,"showParticleSystems":true},"in2DMode":false,"pivot":{"x":0.956810712814331,"y":-0.33447760343551638,"z":-1.4351260662078858},"rotation":{"x":0.050836771726608279,"y":0.6399862170219421,"z":-0.04249979183077812,"w":0.7655318975448608},"size":9.431055068969727,"orthographic":false}