{"cameraMode":{"drawMode":0,"name":"Shaded","section":"Shading Mode"},"sceneLighting":true,"audioPlay":false,"sceneViewState":{"showFog":true,"showMaterialUpdate":true,"showSkybox":true,"showFlares":true,"showImageEffects":true,"showParticleSystems":true},"in2DMode":false,"pivot":{"x":1204.7362060546875,"y":743.378173828125,"z":145.73681640625},"rotation":{"x":-0.011117199435830117,"y":0.0013410912360996009,"z":0.003846364328637719,"w":-1.0001558065414429},"size":2820.134765625,"orthographic":false}