{"cameraMode":{"drawMode":0,"name":"Shaded","section":"Shading Mode"},"sceneLighting":false,"audioPlay":false,"sceneViewState":{"showFog":true,"showMaterialUpdate":true,"showSkybox":false,"showFlares":true,"showImageEffects":true,"showParticleSystems":true},"in2DMode":false,"pivot":{"x":15.173267364501954,"y":5.935468673706055,"z":83.8246078491211},"rotation":{"x":-0.302958220243454,"y":-0.5469020009040833,"z":0.2261708527803421,"w":-0.7472643256187439},"size":25.944732666015626,"orthographic":false}