{"cameraMode":{"drawMode":0,"name":"Shaded","section":"Shading Mode"},"sceneLighting":false,"audioPlay":false,"sceneViewState":{"showFog":true,"showMaterialUpdate":true,"showSkybox":false,"showFlares":true,"showImageEffects":true,"showParticleSystems":true},"in2DMode":false,"pivot":{"x":-0.004796103108674288,"y":-0.16546279191970826,"z":-0.38461223244667055},"rotation":{"x":0.018702521920204164,"y":0.9607303142547607,"z":-0.2667206823825836,"w":0.07660657167434693},"size":0.9962891340255737,"orthographic":false}